label,x,y,z
topTrachea,-19.050003000000004,2.3125,-37.75
endTrachea,-19.550003000000004,40.8125,-135.25
endRMB,-39.88333633333334,42.8125,-154.41666666666669
endLMB,18.949996999999996,44.8125,-167.75
triEndBronInt,-47.550003000000004,41.8125,-176.25
triRUL,-52.050003000000004,40.8125,-149.25
triLUL,32.574996999999996,39.3125,-163.25
llb6,25.449996999999996,50.8125,-178.25
