label,x,y,z
topTrachea,-7.178130999999986,-55.281249999999986,64.38000499999995
endTrachea,-3.6625059999999934,-18.015624999999993,-49.994995000000046
endRMB,-23.350005999999986,-19.421874999999993,-75.61999500000005
endLMB,42.74374400000001,-13.796874999999993,-91.24499500000005
triEndBronInt,-33.193755999999986,-20.124999999999993,-106.24499500000005
triRUL,-36.006255999999986,-21.531249999999993,-76.86999500000005
triLUL,54.69686900000001,-21.531249999999993,-88.11999500000005
llb6,50.24374399999999,-6.53125,-96.86999500000005
