label,x,y,z
topTrachea,13.307049409347542,7.791056036949158,-16.5
endTrachea,16.80704940934754,16.291056036949158,-108.0
endRMB,-4.692950590652458,18.291056036949158,-132.0
endLMB,49.80704940934754,10.291056036949158,-151.0
triEndBronInt,-15.692950590652458,17.291056036949158,-156.5
triRUL,-20.69295059065246,15.291056036949158,-125.5
triLUL,60.30704940934754,-0.7089439630508423,-152.5
llb6,58.80704940934754,14.791056036949158,-162.0
