label,x,y,z
topTrachea,8.605614500000001,205.92982863999998,-631.299988
endTrachea,6.1056145000000015,212.42982863999998,-699.299988
endRMB,-10.394385499999999,212.42982863999998,-712.799988
endLMB,44.43894783333333,216.09649530666664,-728.4666546666666
triEndBronInt,-19.061052166666663,211.26316197333333,-731.1333213333334
triRUL,-23.3943855,210.92982863999998,-709.299988
triLUL,56.93894783333333,212.92982863999998,-724.6333213333334
llb6,49.27228116666667,220.09649530666664,-735.1333213333334
