label,x,y,z
topTrachea,9.7109375,149.79141520000002,-437.700012
endTrachea,-1.1223958333333357,182.29141520000002,-497.03334533333333
endRMB,-11.2890625,188.29141520000002,-511.700012
endLMB,33.2109375,191.79141520000002,-520.700012
triEndBronInt,-23.955729166666668,191.62474853333336,-538.0333453333334
triRUL,-25.7890625,189.29141520000002,-507.200012
triLUL,44.2109375,188.29141520000002,-518.200012
llb6,41.7109375,197.79141520000002,-526.700012
