label,x,y,z
topTrachea,-11.725006000000008,-8.875,23.625
endTrachea,-15.725006000000008,17.125,-57.875
endRMB,-33.22500600000001,18.125,-72.875
endLMB,24.274993999999992,22.625,-82.375
triEndBronInt,-45.22500600000001,15.625,-97.875
triRUL,-47.72500600000001,15.125,-67.875
triLUL,39.441660666666664,15.958333333333336,-73.20833333333334
llb6,31.274993999999992,28.625,-86.875
