label,x,y,z
topTrachea,-5.687123044532768,13.464805841445923,-46.5
endTrachea,-5.020456377866104,49.29813917477926,-148.83333333333331
endRMB,-15.187123044532768,45.46480584144592,-166.0
endLMB,35.81287695546723,53.96480584144592,-173.0
triEndBronInt,-23.18712304453277,41.96480584144592,-189.0
triRUL,-32.68712304453277,39.46480584144592,-163.5
triLUL,49.31287695546723,44.46480584144592,-169.5
llb6,46.31287695546723,57.46480584144592,-179.5
