label,x,y,z
topTrachea,-9.800003000000004,-24.75,40.11000100000001
endTrachea,-7.300003000000004,14.75,-50.38999899999999
endRMB,-18.800003000000004,15.25,-69.38999899999999
endLMB,24.533330333333325,24.583333333333336,-86.55666566666666
triEndBronInt,-30.300003000000004,17.25,-97.88999899999999
triRUL,-36.63333633333334,9.916666666666664,-68.72333233333332
triLUL,38.699996999999996,16.25,-85.88999899999999
llb6,33.533330333333325,29.91666666666667,-94.55666566666666
