label,x,y,z
topTrachea,-13.090601972839352,-9.117132663726807,7.829987000000017
endTrachea,-16.09060197283935,15.882867336273193,-72.17001299999998
endRMB,-28.09060197283935,18.382867336273193,-95.67001299999998
endLMB,16.90939802716065,32.38286733627319,-110.17001299999998
triEndBronInt,-38.59060197283935,21.382867336273193,-114.17001299999998
triRUL,-42.42393530617269,16.049534002939858,-88.00334633333331
triLUL,30.40939802716065,25.382867336273193,-103.17001299999998
llb6,26.742731360493977,36.54953400293986,-118.50334633333333
