label,x,y,z
topTrachea,20.113365375,129.31572747,-447.299988
endTrachea,6.613365375000001,160.81572747,-536.299988
endRMB,-10.386634625,161.81572747,-554.299988
endLMB,34.613365375,169.81572747,-574.799988
triEndBronInt,-22.386634625,168.31572747,-578.799988
triRUL,-22.386634625,161.81572747,-552.799988
triLUL,46.113365375,162.31572747,-572.299988
llb6,41.78003204166667,172.48239413666667,-585.4666546666666
