label,x,y,z
topTrachea,10.21484375,-148.02734375,-16.90000057220459
endTrachea,-6.451822916666664,-133.19401041666666,-103.56666723887125
endRMB,-22.28515625,-134.52734375,-128.9000005722046
endLMB,27.71484375,-128.02734375,-149.9000005722046
triEndBronInt,-32.45182291666667,-133.69401041666666,-156.7333339055379
triRUL,-31.951822916666668,-136.19401041666666,-126.23333390553792
triLUL,39.21484375,-134.52734375,-147.4000005722046
llb6,32.21484375,-124.52734375,-158.9000005722046
