label,x,y,z
topTrachea,-9.778121999999996,-3.715621999999996,-7.209991000000002
endTrachea,-13.778121999999996,25.784378000000004,-103.709991
endRMB,-34.94478866666667,24.784378000000004,-118.37665766666667
endLMB,31.555211333333347,38.951044666666675,-127.87665766666667
triEndBronInt,-45.278121999999996,23.784378000000004,-140.709991
triRUL,-46.778121999999996,21.659378000000004,-110.459991
triLUL,41.721878000000004,34.784378000000004,-124.209991
llb6,37.221878000000004,44.284378000000004,-136.709991
