label,x,y,z
topTrachea,-9.38477075099945,-62.62540842671967,-12.595001000000025
endTrachea,-4.384770750999451,-16.125408426719673,-122.59500100000002
endRMB,-20.55143741766612,-14.125408426719673,-145.2616676666667
endLMB,39.28189591566722,-4.458741760053009,-153.2616676666667
triEndBronInt,-25.88477075099945,-10.125408426719673,-169.59500100000002
triRUL,-31.38477075099945,-17.125408426719673,-140.09500100000002
triLUL,49.28189591566722,-12.458741760053009,-147.92833433333334
llb6,45.61522924900055,0.8745915732803269,-160.09500100000002
