label,x,y,z
topTrachea,-0.37966127395628746,-37.07494659423827,-35.75
endTrachea,-16.879661273956287,6.92505340576173,-128.75
endRMB,-31.379661273956287,4.92505340576173,-150.25
endLMB,17.620338726043713,14.42505340576173,-171.25
triEndBronInt,-44.87966127395629,6.92505340576173,-177.25
triRUL,-42.87966127395629,3.42505340576173,-139.75
triLUL,27.620338726043713,11.42505340576173,-169.25
llb6,34.62033872604371,17.92505340576173,-198.75
