label,x,y,z
topTrachea,-11.34454040934753,-29.175806760787964,-69.08999599999999
endTrachea,-17.34454040934753,3.324193239212036,-156.58999599999999
endRMB,-34.84454040934753,0.32419323921203613,-179.08999599999999
endLMB,27.15545959065247,0.8241932392120361,-190.58999599999999
triEndBronInt,-42.34454040934753,-0.17580676078796387,-198.08999599999999
triRUL,-54.011207076014195,-7.342473427454628,-170.92332933333333
triLUL,38.9887929239858,-6.342473427454628,-186.25666266666664
llb6,45.82212625731914,9.9908599058787,-206.75666266666664
