label,x,y,z
topTrachea,-8.853118999999992,-45.96875,-41.75
endTrachea,-15.853118999999992,-15.96875,-139.75
endRMB,-33.35311899999999,-13.96875,-157.25
endLMB,18.146881000000008,-8.96875,-165.25
triEndBronInt,-43.35311899999999,-13.46875,-181.25
triRUL,-47.68645233333333,-17.135416666666664,-153.08333333333331
triLUL,31.646881000000008,-15.46875,-164.25
llb6,25.146881000000008,-3.46875,-174.75
