label,x,y,z
topTrachea,8.851560000000006,-171.89844,-36.000001192092896
endTrachea,11.851560000000006,-132.89844,-142.5000011920929
endRMB,-7.315106666666658,-131.89844,-164.16666785875958
endLMB,54.184893333333335,-139.56510666666665,-179.16666785875958
triEndBronInt,-17.648439999999994,-132.39844,-190.0000011920929
triRUL,-24.148439999999994,-134.89844,-158.5000011920929
triLUL,65.18489333333333,-147.73177333333334,-173.8333345254262
llb6,61.351560000000006,-137.39844,-188.0000011920929
