label,x,y,z
topTrachea,0.6624955000000057,101.1640396,-542.699951
endTrachea,-0.17083783333333002,141.6640396,-643.0332843333334
endRMB,-8.837504499999994,145.1640396,-653.699951
endLMB,46.162495500000006,150.1640396,-668.699951
triEndBronInt,-19.337504499999994,149.1640396,-681.699951
triRUL,-27.004171166666662,143.33070626666665,-646.0332843333334
triLUL,57.662495500000006,143.6640396,-664.199951
llb6,54.82916216666668,159.49737293333334,-677.8666176666667
