label,x,y,z
topTrachea,3.255859375,-188.673828125,21.5
endTrachea,-5.869140625,-165.423828125,-66.125
endRMB,-25.744140625,-165.173828125,-83.5
endLMB,20.255859375,-148.673828125,-95.5
triEndBronInt,-34.077473958333336,-167.34049479166666,-106.83333333333333
triRUL,-35.744140625,-167.673828125,-79.5
triLUL,31.08919270833333,-153.00716145833334,-93.33333333333333
llb6,23.755859375,-142.673828125,-103.5
