label,x,y,z
topTrachea,3.414830498001095,-29.34612573762513,-12.375
endTrachea,3.414830498001095,-7.84612573762513,-118.375
endRMB,-14.41850283533224,-6.012792404291794,-140.04166666666669
endLMB,38.914830498001095,1.1538742623748703,-153.875
triEndBronInt,-24.085169501998905,-4.34612573762513,-170.875
triRUL,-28.585169501998905,-8.84612573762513,-136.875
triLUL,52.914830498001095,-7.84612573762513,-151.875
llb6,47.914830498001095,6.65387426237487,-162.875
