label,x,y,z
topTrachea,-18.871871999999996,-17.609375,-17.25
endTrachea,-29.371871999999996,24.890625,-98.75
endRMB,-51.871871999999996,28.390625,-126.25
endLMB,2.628128000000004,45.390625,-134.75
triEndBronInt,-63.371871999999996,32.390625,-148.75
triRUL,-61.20520533333333,23.557291666666664,-123.58333333333333
triLUL,16.628128000000004,41.890625,-130.75
llb6,7.628128000000004,52.390625,-135.25
