label,x,y,z
topTrachea,24.681250000000006,-14.96875,-15.25
endTrachea,11.681250000000006,23.03125,-106.75
endRMB,-10.818749999999994,30.03125,-123.75
endLMB,48.806250000000006,24.40625,-142.75
triEndBronInt,-22.652083333333326,34.36458333333333,-142.58333333333334
triRUL,-26.652083333333326,29.697916666666664,-119.08333333333333
triLUL,55.181250000000006,20.53125,-143.75
llb6,54.84791666666668,29.197916666666664,-151.91666666666666
