label,x,y,z
topTrachea,-12.998046875,-193.451171875,-42.200001382827736
endTrachea,-17.498046875,-164.951171875,-150.70000138282774
endRMB,-37.498046875,-167.451171875,-170.20000138282774
endLMB,32.83528645833333,-160.11783854166666,-173.86666804949442
triEndBronInt,-46.498046875,-170.951171875,-195.70000138282774
triRUL,-55.998046875,-173.451171875,-165.70000138282774
triLUL,46.33528645833333,-168.28450520833334,-170.53333471616105
llb6,43.001953125,-150.951171875,-182.70000138282774
