label,x,y,z
topTrachea,-6.678131000000008,-18.675003000000004,20.76998900000001
endTrachea,-7.178131000000008,22.324996999999996,-78.23001099999999
endRMB,-26.844797666666672,24.158330333333332,-97.89667766666666
endLMB,31.321868999999992,24.324996999999996,-115.23001099999999
triEndBronInt,-35.67813100000001,28.824996999999996,-120.23001099999999
triRUL,-39.67813100000001,21.324996999999996,-95.73001099999999
triLUL,41.32186899999999,16.824996999999996,-114.73001099999999
llb6,40.82186899999999,29.324996999999996,-123.73001099999999
