label,x,y,z
topTrachea,-5.300003000000004,18.850006000000008,-22.005004999999983
endTrachea,-2.800003000000004,28.350006000000008,-99.00500499999998
endRMB,-19.300003000000004,26.850006000000008,-121.00500499999998
endLMB,31.866663666666668,37.683339333333336,-129.67167166666667
triEndBronInt,-25.300003000000004,25.350006000000008,-146.50500499999998
triRUL,-32.800003000000004,23.850006000000008,-123.50500499999998
triLUL,43.699996999999996,31.350006000000008,-129.50500499999998
llb6,39.699996999999996,41.85000600000001,-136.50500499999998
