label,x,y,z
topTrachea,6.110954865020744,7.796929359436035,-35.200012000000015
endTrachea,7.944288198354073,20.296929359436035,-107.53334533333336
endRMB,-7.55571180164592,20.630262692769367,-130.8666786666667
endLMB,41.610954865020744,22.796929359436035,-151.70001200000002
triEndBronInt,-17.05571180164592,22.630262692769367,-154.53334533333333
triRUL,-18.889045134979256,19.296929359436035,-127.70001200000002
triLUL,53.610954865020744,15.796929359436035,-151.20001200000002
llb6,45.610954865020744,27.796929359436035,-161.20001200000002
