label,x,y,z
topTrachea,-2.078895382186886,-5.6425617933273315,-16.339995999999985
endTrachea,-7.578895382186886,11.357438206672668,-89.83999599999999
endRMB,-20.578895382186886,12.357438206672668,-114.33999599999999
endLMB,18.754437951146443,18.024104873339333,-134.00666266666667
triEndBronInt,-30.578895382186886,13.857438206672668,-141.33999599999999
triRUL,-35.078895382186886,10.857438206672668,-110.83999599999999
triLUL,28.921104617813114,15.357438206672668,-132.83999599999999
llb6,23.587771284479786,22.524104873339333,-146.17332933333333
