label,x,y,z
topTrachea,2.025395000000003,-168.75976125,-114.200000667572
endTrachea,-8.141271666666661,-149.25976125,-223.53333400090534
endRMB,-16.974604999999997,-150.75976125,-237.700000667572
endLMB,27.525395000000003,-143.75976125,-260.200000667572
triEndBronInt,-30.974604999999997,-151.25976125,-270.200000667572
triRUL,-35.974605,-149.75976125,-226.700000667572
triLUL,37.525395,-146.25976125,-256.700000667572
llb6,36.525395,-139.75976125,-273.700000667572
