label,x,y,z
topTrachea,2.867210865020752,-26.507766246795654,-21.825012000000015
endTrachea,-7.632789134979248,-1.5077662467956543,-95.82501200000002
endRMB,-26.799455801645912,-2.0077662467956543,-120.99167866666669
endLMB,36.86721086502075,6.492233753204346,-134.32501200000002
triEndBronInt,-36.63278913497925,-0.007766246795654297,-143.82501200000002
triRUL,-42.13278913497925,-8.507766246795654,-114.82501200000002
triLUL,48.86721086502075,-0.5077662467956543,-133.82501200000002
llb6,44.53387753168742,14.325567086537681,-140.49167866666667
