label,x,y,z
topTrachea,-0.5390944480895996,-18.337558849853508,-20.25
endTrachea,-10.205761114756264,17.329107816813156,-126.58333333333333
endRMB,-26.0390944480896,17.162441150146492,-140.75
endLMB,25.79423888524373,21.829107816813156,-160.41666666666669
triEndBronInt,-38.0390944480896,18.162441150146492,-165.25
triRUL,-37.0390944480896,17.162441150146492,-131.75
triLUL,39.9609055519104,16.662441150146492,-156.75
llb6,32.9609055519104,26.662441150146492,-168.75
