label,x,y,z
topTrachea,-0.24609375,-180.20703125,9.79999918937682
endTrachea,-3.24609375,-159.70703125,-75.20000081062318
endRMB,-26.24609375,-157.70703125,-92.70000081062318
endLMB,33.25390625,-154.20703125,-108.70000081062318
triEndBronInt,-37.24609375,-155.20703125,-119.20000081062318
triRUL,-39.74609375,-159.20703125,-86.70000081062318
triLUL,45.75390625,-162.70703125,-103.70000081062318
llb6,40.75390625,-147.20703125,-117.20000081062318
