label,x,y,z
topTrachea,-32.328125,-61.90625,-37.0
endTrachea,-34.328125,-15.90625,-127.0
endRMB,-52.994791666666664,-20.739583333333336,-150.66666666666669
endLMB,11.671875,-7.40625,-159.5
triEndBronInt,-57.328125,-19.40625,-175.0
triRUL,-68.328125,-27.40625,-145.5
triLUL,21.671875,-12.90625,-157.0
llb6,16.671875,-1.40625,-167.5
