label,x,y,z
topTrachea,-7.609375,144.734375,-612.099976
endTrachea,-8.609375,192.234375,-713.099976
endRMB,-21.609375,198.734375,-727.599976
endLMB,33.390625,204.234375,-747.599976
triEndBronInt,-36.609375,209.734375,-758.599976
triRUL,-41.359375,196.734375,-727.349976
triLUL,48.22395833333333,195.40104166666666,-746.9333093333333
llb6,42.390625,213.734375,-754.099976
