label,x,y,z
topTrachea,-24.43747329711914,-16.257750988006592,-34.5
endTrachea,-31.93747329711914,31.742249011993408,-130.0
endRMB,-47.43747329711914,33.24224901199341,-151.0
endLMB,16.06252670288086,35.74224901199341,-166.0
triEndBronInt,-59.06247329711914,31.742249011993408,-179.375
triRUL,-66.43747329711914,28.242249011993408,-145.5
triLUL,27.895860036214188,28.075582345326744,-162.83333333333331
llb6,23.56252670288086,41.74224901199341,-172.5
