label,x,y,z
topTrachea,-4.25,-17.75,-25.75
endTrachea,-14.75,9.75,-100.25
endRMB,-33.25,9.75,-117.25
endLMB,24.25,21.25,-132.25
triEndBronInt,-43.25,12.25,-135.25
triRUL,-47.58333333333333,4.083333333333336,-113.91666666666666
triLUL,34.75,18.25,-130.75
llb6,38.75,35.25,-152.25
