label,x,y,z
topTrachea,-24.212493999999992,-26.412506000000008,-16.25
endTrachea,-22.212493999999992,2.0874939999999924,-121.75
endRMB,-39.21249399999999,1.5874939999999924,-138.25
endLMB,20.787506000000008,7.087493999999992,-149.25
triEndBronInt,-47.21249399999999,1.0874939999999924,-161.75
triRUL,-55.71249399999999,0.08749399999999241,-132.75
triLUL,34.120839333333336,3.920827333333328,-144.58333333333331
llb6,27.287506000000008,14.587493999999992,-160.75
