label,x,y,z
topTrachea,15.903904779952995,30.519553899765015,23.440001999999993
endTrachea,9.403904779952995,41.019553899765015,-70.05999800000001
endRMB,-10.262761886713669,39.019553899765015,-90.22666466666668
endLMB,50.403904779952995,43.019553899765015,-102.55999800000001
triEndBronInt,-21.42942855338034,37.35288723309835,-112.55999800000001
triRUL,-20.76276188671367,36.519553899765015,-83.39333133333334
triLUL,56.403904779952995,39.519553899765015,-100.55999800000001
llb6,57.903904779952995,45.519553899765015,-110.55999800000001
